{
    "electric": {
        "Alabama": [
            29.35288892,
            32.87523559,
            57.53166229
        ],
        "Alaska": [
            33.83823892,
            37.89882759,
            66.32294829
        ],
        "Arizona": [
            28.23048892,
            31.61814759,
            55.33175829
        ],
        "Arkansas": [
            36.38573892,
            40.75202759,
            71.31604829
        ],
        "California": [
            23.16138892,
            25.94075559,
            45.39632229
        ],
        "Colorado": [
            37.72408892,
            42.25097959,
            73.93921429
        ],
        "Connecticut": [
            24.69553892,
            27.65900359,
            48.40325629
        ],
        "Delaware": [
            35.07478892,
            39.28376359,
            68.74658629
        ],
        "the District of Columbia": [
            26.54768892,
            29.73341159,
            52.03347029
        ],
        "Florida": [
            32.59093892,
            36.50185159,
            63.87824029
        ],
        "Georgia": [
            29.74288892,
            33.31203559,
            58.29606229
        ],
        "Hawaii": [
            44.20428892,
            49.50880359,
            86.64040629
        ],
        "Idaho": [
            17.60508892,
            19.71769959,
            34.50597429
        ],
        "Illinois": [
            25.65083892,
            28.72893959,
            50.27564429
        ],
        "Indiana": [
            46.68508892,
            52.28729959,
            91.50277429
        ],
        "Iowa": [
            29.79783892,
            33.37357959,
            58.40376429
        ],
        "Kansas": [
            29.25688892,
            32.76771559,
            57.34350229
        ],
        "Kentucky": [
            51.06818892,
            57.19637159,
            100.0936503
        ],
        "Louisiana": [
            32.11223892,
            35.96570759,
            62.93998829
        ],
        "Maine": [
            17.95028892,
            20.10432359,
            35.18256629
        ],
        "Maryland": [
            27.29243892,
            30.56753159,
            53.49318029
        ],
        "Massachusetts": [
            29.78923892,
            33.36394759,
            58.38690829
        ],
        "Michigan1": [
            33.62023892,
            37.65466759,
            65.89566829
        ],
        "Minnesota": [
            29.19138892,
            32.69435559,
            57.21512229
        ],
        "Mississippi": [
            32.14428892,
            36.00160359,
            63.00280629
        ],
        "Missouri": [
            49.99808892,
            55.99785959,
            97.99625429
        ],
        "Montana": [
            33.82988892,
            37.88947559,
            66.30658229
        ],
        "Nebraska": [
            36.41313892,
            40.78271559,
            71.36975229
        ],
        "Nevada": [
            29.50723892,
            33.04810759,
            57.83418829
        ],
        "New Hampshire": [
            18.24713892,
            20.43679559,
            35.76439229
        ],
        "New Jersey": [
            23.36083892,
            26.16413959,
            45.78724429
        ],
        "New Mexico": [
            35.45068892,
            39.70477159,
            69.48335029
        ],
        "New York": [
            22.31128892,
            24.98864359,
            43.73012629
        ],
        "North Carolina": [
            27.45148892,
            30.74566759,
            53.80491829
        ],
        "North Dakota": [
            40.15248892,
            44.97078759,
            78.69887829
        ],
        "Ohio": [
            40.16098892,
            44.98030759,
            78.71553829
        ],
        "Oklahoma": [
            27.65833892,
            30.97733959,
            54.21034429
        ],
        "Oregon": [
            19.21813892,
            21.52431559,
            37.66755229
        ],
        "Pennsylvania": [
            29.60553892,
            33.15820359,
            58.02685629
        ],
        "Rhode Island": [
            32.74158892,
            36.67057959,
            64.17351429
        ],
        "South Carolina": [
            24.24588892,
            27.15539559,
            47.52194229
        ],
        "South Dakota": [
            17.83028892,
            19.96992359,
            34.94736629
        ],
        "Tennessee": [
            26.49058892,
            29.66945959,
            51.92155429
        ],
        "Texas": [
            31.72633892,
            35.53349959,
            62.18362429
        ],
        "Utah": [
            47.65118892,
            53.36933159,
            93.39633029
        ],
        "Vermont": [
            12.01323892,
            13.45482759,
            23.54594829
        ],
        "Virginia": [
            26.55973892,
            29.74690759,
            52.05708829
        ],
        "Washington": [
            16.21478892,
            18.16056359,
            31.78098629
        ],
        "West Virginia": [
            57.05078892,
            63.89688359,
            111.8195463
        ],
        "Wisconsin": [
            39.98938892,
            44.78811559,
            78.37920229
        ],
        "Wyoming": [
            48.19563892,
            53.97911559,
            94.46345229
        ]
    },
    "gas": [
        61.03708791,
        65.10622711,
        88.78121878
    ],
    "types": [
        "sedan",
        "SUV",
        "truck"
    ],
    "vehicles_electric": [
        "Tesla Model 3",
        "Tesla Model Y",
        "F-150 Lightning"
    ],
    "vehicles_gas": [
        "Toyota Camry",
        "Toyota Rav4",
        "F-150"
    ]
}